<?xml version="1.0"?>
<!DOCTYPE hibernate-mapping PUBLIC "-//Hibernate/Hibernate Mapping DTD 3.0//EN"
"http://hibernate.sourceforge.net/hibernate-mapping-3.0.dtd">
<!-- Generated 20-ene-2019 16:43:32 by Hibernate Tools 3.5.0.Final -->
<hibernate-mapping>
    <class name="hibernate.Item" table="ITEM">
        <id name="id" type="int">
            <column name="ID" />
            <generator class="increment" />
        </id>
        <property name="nombre" type="java.lang.String">
            <column name="NOMBRE" />
        </property>
        <property name="cantidad" type="int">
            <column name="CANTIDAD" />
        </property>
    </class>
</hibernate-mapping>
