<?xml version="1.0" encoding="UTF-8"?>
<!DOCTYPE hibernate-configuration PUBLIC "-//Hibernate/Hibernate Configuration DTD 3.0//EN"
                                         "http://www.hibernate.org/dtd/hibernate-configuration-3.0.dtd">
<hibernate-configuration>
 <session-factory>
  <property name="hibernate.connection.driver_class">com.mysql.jdbc.Driver</property>
  <property name="hibernate.connection.password">contraseña</property>
  <property name="hibernate.connection.url">jdbc:mysql://localhost:3307/hibernatedb</property>
  <property name="hibernate.connection.username">root</property>
  <property name="hibernate.default_schema">hibernatedb</property>
  <property name="hibernate.dialect">org.hibernate.dialect.MySQL5Dialect</property>
  <property name="hibernate.show_sql">true</property>
  <mapping resource="hibernate/Empresa.hbm.xml"/>
  <mapping resource="hibernate/Item.hbm.xml"/>
  <mapping resource="hibernate/Pedido.hbm.xml"/>
 </session-factory>
</hibernate-configuration>
